Date,HomeTeam,AwayTeam,FTHG,FTAG,FTR,Odd_H,Odd_D,Odd_A,Odd_Over25,Odd_Under25,TotalGoals,Over25,BTTS,Status
2024-08-17,Genoa,Inter,2,2,D,2.1,3.25,3.4,1.9,1.9,4,1,1,FT
2024-08-17,Parma,Fiorentina,1,1,D,2.1,3.25,3.4,1.9,1.9,2,0,1,FT
2024-08-17,AC Milan,Torino,2,2,D,2.1,3.25,3.4,1.9,1.9,4,1,1,FT
2024-08-17,Empoli,Monza,0,0,D,2.1,3.25,3.4,1.9,1.9,0,0,0,FT
2024-08-18,Bologna,Udinese,1,1,D,2.1,3.25,3.4,1.9,1.9,2,0,1,FT
2024-08-18,Hellas Verona,Napoli,3,0,H,2.1,3.25,3.4,1.9,1.9,3,1,0,FT
2024-08-18,Lazio,Venezia,3,1,H,2.1,3.25,3.4,1.9,1.9,4,1,1,FT
2024-08-18,Cagliari,AS Roma,0,0,D,2.1,3.25,3.4,1.9,1.9,0,0,0,FT
2024-08-19,Lecce,Atalanta,0,4,A,2.1,3.25,3.4,1.9,1.9,4,1,0,FT
2024-08-19,Juventus,Como,3,0,H,2.1,3.25,3.4,1.9,1.9,3,1,0,FT
2024-08-24,Udinese,Lazio,2,1,H,2.1,3.25,3.4,1.9,1.9,3,1,1,FT
2024-08-24,Parma,AC Milan,2,1,H,2.1,3.25,3.4,1.9,1.9,3,1,1,FT
2024-08-24,Inter,Lecce,2,0,H,2.1,3.25,3.4,1.9,1.9,2,0,0,FT
2024-08-24,Monza,Genoa,0,1,A,2.1,3.25,3.4,1.9,1.9,1,0,0,FT
2024-08-25,Fiorentina,Venezia,0,0,D,2.1,3.25,3.4,1.9,1.9,0,0,0,FT
2024-08-25,Torino,Atalanta,2,1,H,2.1,3.25,3.4,1.9,1.9,3,1,1,FT
2024-08-25,Napoli,Bologna,3,0,H,2.1,3.25,3.4,1.9,1.9,3,1,0,FT
2024-08-25,AS Roma,Empoli,1,2,A,2.1,3.25,3.4,1.9,1.9,3,1,1,FT
2024-08-26,Cagliari,Como,1,1,D,2.1,3.25,3.4,1.9,1.9,2,0,1,FT
2024-08-26,Hellas Verona,Juventus,0,3,A,2.1,3.25,3.4,1.9,1.9,3,1,0,FT
2024-08-30,Venezia,Torino,0,1,A,2.1,3.25,3.4,1.9,1.9,1,0,0,FT
2024-08-30,Inter,Atalanta,4,0,H,2.1,3.25,3.4,1.9,1.9,4,1,0,FT
2024-08-31,Bologna,Empoli,1,1,D,2.1,3.25,3.4,1.9,1.9,2,0,1,FT
2024-08-31,Lecce,Cagliari,1,0,H,2.1,3.25,3.4,1.9,1.9,1,0,0,FT
2024-08-31,Lazio,AC Milan,2,2,D,2.1,3.25,3.4,1.9,1.9,4,1,1,FT
2024-08-31,Napoli,Parma,2,1,H,2.1,3.25,3.4,1.9,1.9,3,1,1,FT
2024-09-01,Genoa,Hellas Verona,0,2,A,2.1,3.25,3.4,1.9,1.9,2,0,0,FT
2024-09-01,Fiorentina,Monza,2,2,D,2.1,3.25,3.4,1.9,1.9,4,1,1,FT
2024-09-01,Udinese,Como,1,0,H,2.1,3.25,3.4,1.9,1.9,1,0,0,FT
2024-09-01,Juventus,AS Roma,0,0,D,2.1,3.25,3.4,1.9,1.9,0,0,0,FT
2024-09-14,Como,Bologna,2,2,D,2.1,3.25,3.4,1.9,1.9,4,1,1,FT
2024-09-14,Empoli,Juventus,0,0,D,2.1,3.25,3.4,1.9,1.9,0,0,0,FT
2024-09-14,AC Milan,Venezia,4,0,H,2.1,3.25,3.4,1.9,1.9,4,1,0,FT
2024-09-15,Genoa,AS Roma,1,1,D,2.1,3.25,3.4,1.9,1.9,2,0,1,FT
2024-09-15,Atalanta,Fiorentina,3,2,H,2.1,3.25,3.4,1.9,1.9,5,1,1,FT
2024-09-15,Torino,Lecce,0,0,D,2.1,3.25,3.4,1.9,1.9,0,0,0,FT
2024-09-15,Cagliari,Napoli,0,4,A,2.1,3.25,3.4,1.9,1.9,4,1,0,FT
2024-09-15,Monza,Inter,1,1,D,2.1,3.25,3.4,1.9,1.9,2,0,1,FT
2024-09-16,Parma,Udinese,2,3,A,2.1,3.25,3.4,1.9,1.9,5,1,1,FT
2024-09-16,Lazio,Hellas Verona,2,1,H,2.1,3.25,3.4,1.9,1.9,3,1,1,FT
2024-09-20,Cagliari,Empoli,0,2,A,2.1,3.25,3.4,1.9,1.9,2,0,0,FT
2024-09-20,Hellas Verona,Torino,2,3,A,2.1,3.25,3.4,1.9,1.9,5,1,1,FT
2024-09-21,Venezia,Genoa,2,0,H,2.1,3.25,3.4,1.9,1.9,2,0,0,FT
2024-09-21,Juventus,Napoli,0,0,D,2.1,3.25,3.4,1.9,1.9,0,0,0,FT
2024-09-21,Lecce,Parma,2,2,D,2.1,3.25,3.4,1.9,1.9,4,1,1,FT
2024-09-22,Fiorentina,Lazio,2,1,H,2.1,3.25,3.4,1.9,1.9,3,1,1,FT
2024-09-22,Monza,Bologna,1,2,A,2.1,3.25,3.4,1.9,1.9,3,1,1,FT
2024-09-22,AS Roma,Udinese,3,0,H,2.1,3.25,3.4,1.9,1.9,3,1,0,FT
2024-09-22,Inter,AC Milan,1,2,A,2.1,3.25,3.4,1.9,1.9,3,1,1,FT
2024-09-24,Atalanta,Como,2,3,A,2.1,3.25,3.4,1.9,1.9,5,1,1,FT
2024-09-27,AC Milan,Lecce,3,0,H,2.1,3.25,3.4,1.9,1.9,3,1,0,FT
2024-09-28,Udinese,Inter,2,3,A,2.1,3.25,3.4,1.9,1.9,5,1,1,FT
2024-09-28,Genoa,Juventus,0,3,A,2.1,3.25,3.4,1.9,1.9,3,1,0,FT
2024-09-28,Bologna,Atalanta,1,1,D,2.1,3.25,3.4,1.9,1.9,2,0,1,FT
2024-09-29,Torino,Lazio,2,3,A,2.1,3.25,3.4,1.9,1.9,5,1,1,FT
2024-09-29,AS Roma,Venezia,2,1,H,2.1,3.25,3.4,1.9,1.9,3,1,1,FT
2024-09-29,Como,Hellas Verona,3,2,H,2.1,3.25,3.4,1.9,1.9,5,1,1,FT
2024-09-29,Empoli,Fiorentina,0,0,D,2.1,3.25,3.4,1.9,1.9,0,0,0,FT
2024-09-29,Napoli,Monza,2,0,H,2.1,3.25,3.4,1.9,1.9,2,0,0,FT
2024-09-30,Parma,Cagliari,2,3,A,2.1,3.25,3.4,1.9,1.9,5,1,1,FT
2024-10-04,Napoli,Como,3,1,H,2.1,3.25,3.4,1.9,1.9,4,1,1,FT
2024-10-04,Hellas Verona,Venezia,2,1,H,2.1,3.25,3.4,1.9,1.9,3,1,1,FT
2024-10-05,Udinese,Lecce,1,0,H,2.1,3.25,3.4,1.9,1.9,1,0,0,FT
2024-10-05,Atalanta,Genoa,5,1,H,2.1,3.25,3.4,1.9,1.9,6,1,1,FT
2024-10-05,Inter,Torino,3,2,H,2.1,3.25,3.4,1.9,1.9,5,1,1,FT
2024-10-06,Juventus,Cagliari,1,1,D,2.1,3.25,3.4,1.9,1.9,2,0,1,FT
2024-10-06,Lazio,Empoli,2,1,H,2.1,3.25,3.4,1.9,1.9,3,1,1,FT
2024-10-06,Bologna,Parma,0,0,D,2.1,3.25,3.4,1.9,1.9,0,0,0,FT
2024-10-06,Monza,AS Roma,1,1,D,2.1,3.25,3.4,1.9,1.9,2,0,1,FT
2024-10-06,Fiorentina,AC Milan,2,1,H,2.1,3.25,3.4,1.9,1.9,3,1,1,FT
2024-10-19,Genoa,Bologna,2,2,D,2.1,3.25,3.4,1.9,1.9,4,1,1,FT
2024-10-19,Como,Parma,1,1,D,2.1,3.25,3.4,1.9,1.9,2,0,1,FT
2024-10-19,AC Milan,Udinese,1,0,H,2.1,3.25,3.4,1.9,1.9,1,0,0,FT
2024-10-19,Juventus,Lazio,1,0,H,2.1,3.25,3.4,1.9,1.9,1,0,0,FT
2024-10-20,Empoli,Napoli,0,1,A,2.1,3.25,3.4,1.9,1.9,1,0,0,FT
2024-10-20,Venezia,Atalanta,0,2,A,2.1,3.25,3.4,1.9,1.9,2,0,0,FT
2024-10-20,Lecce,Fiorentina,0,6,A,2.1,3.25,3.4,1.9,1.9,6,1,0,FT
2024-10-20,Cagliari,Torino,3,2,H,2.1,3.25,3.4,1.9,1.9,5,1,1,FT
2024-10-20,AS Roma,Inter,0,1,A,2.1,3.25,3.4,1.9,1.9,1,0,0,FT
2024-10-21,Hellas Verona,Monza,0,3,A,2.1,3.25,3.4,1.9,1.9,3,1,0,FT
2024-10-25,Udinese,Cagliari,2,0,H,2.1,3.25,3.4,1.9,1.9,2,0,0,FT
2024-10-25,Torino,Como,1,0,H,2.1,3.25,3.4,1.9,1.9,1,0,0,FT
2024-10-26,Napoli,Lecce,1,0,H,2.1,3.25,3.4,1.9,1.9,1,0,0,FT
2024-10-26,Atalanta,Hellas Verona,6,1,H,2.1,3.25,3.4,1.9,1.9,7,1,1,FT
2024-10-27,Parma,Empoli,1,1,D,2.1,3.25,3.4,1.9,1.9,2,0,1,FT
2024-10-27,Lazio,Genoa,3,0,H,2.1,3.25,3.4,1.9,1.9,3,1,0,FT
2024-10-27,Monza,Venezia,2,2,D,2.1,3.25,3.4,1.9,1.9,4,1,1,FT
2024-10-27,Inter,Juventus,4,4,D,2.1,3.25,3.4,1.9,1.9,8,1,1,FT
2024-10-27,Fiorentina,AS Roma,5,1,H,2.1,3.25,3.4,1.9,1.9,6,1,1,FT
2024-10-29,Cagliari,Bologna,0,2,A,2.1,3.25,3.4,1.9,1.9,2,0,0,FT
2024-10-29,Lecce,Hellas Verona,1,0,H,2.1,3.25,3.4,1.9,1.9,1,0,0,FT
2024-10-29,AC Milan,Napoli,0,2,A,2.1,3.25,3.4,1.9,1.9,2,0,0,FT
2024-10-30,Empoli,Inter,0,3,A,2.1,3.25,3.4,1.9,1.9,3,1,0,FT
2024-10-30,Venezia,Udinese,3,2,H,2.1,3.25,3.4,1.9,1.9,5,1,1,FT
2024-10-30,Juventus,Parma,2,2,D,2.1,3.25,3.4,1.9,1.9,4,1,1,FT
2024-10-30,Atalanta,Monza,2,0,H,2.1,3.25,3.4,1.9,1.9,2,0,0,FT
2024-10-31,Genoa,Fiorentina,0,1,A,2.1,3.25,3.4,1.9,1.9,1,0,0,FT
2024-10-31,AS Roma,Torino,1,0,H,2.1,3.25,3.4,1.9,1.9,1,0,0,FT
2024-10-31,Como,Lazio,1,5,A,2.1,3.25,3.4,1.9,1.9,6,1,1,FT
2024-11-02,Bologna,Lecce,1,0,H,2.1,3.25,3.4,1.9,1.9,1,0,0,FT
2024-11-02,Udinese,Juventus,0,2,A,2.1,3.25,3.4,1.9,1.9,2,0,0,FT
2024-11-02,Monza,AC Milan,0,1,A,2.1,3.25,3.4,1.9,1.9,1,0,0,FT
2024-11-03,Napoli,Atalanta,0,3,A,2.1,3.25,3.4,1.9,1.9,3,1,0,FT
2024-11-03,Torino,Fiorentina,0,1,A,2.1,3.25,3.4,1.9,1.9,1,0,0,FT
2024-11-03,Hellas Verona,AS Roma,3,2,H,2.1,3.25,3.4,1.9,1.9,5,1,1,FT
2024-11-03,Inter,Venezia,1,0,H,2.1,3.25,3.4,1.9,1.9,1,0,0,FT
2024-11-04,Empoli,Como,1,0,H,2.1,3.25,3.4,1.9,1.9,1,0,0,FT
2024-11-04,Parma,Genoa,0,1,A,2.1,3.25,3.4,1.9,1.9,1,0,0,FT
2024-11-04,Lazio,Cagliari,2,1,H,2.1,3.25,3.4,1.9,1.9,3,1,1,FT
2024-11-07,Genoa,Como,1,1,D,2.1,3.25,3.4,1.9,1.9,2,0,1,FT
2024-11-08,Lecce,Empoli,1,1,D,2.1,3.25,3.4,1.9,1.9,2,0,1,FT
2024-11-09,Venezia,Parma,1,2,A,2.1,3.25,3.4,1.9,1.9,3,1,1,FT
2024-11-09,Cagliari,AC Milan,3,3,D,2.1,3.25,3.4,1.9,1.9,6,1,1,FT
2024-11-09,Juventus,Torino,2,0,H,2.1,3.25,3.4,1.9,1.9,2,0,0,FT
2024-11-10,Atalanta,Udinese,2,1,H,2.1,3.25,3.4,1.9,1.9,3,1,1,FT
2024-11-10,AS Roma,Bologna,2,3,A,2.1,3.25,3.4,1.9,1.9,5,1,1,FT
2024-11-10,Fiorentina,Hellas Verona,3,1,H,2.1,3.25,3.4,1.9,1.9,4,1,1,FT
2024-11-10,Monza,Lazio,0,1,A,2.1,3.25,3.4,1.9,1.9,1,0,0,FT
2024-11-10,Inter,Napoli,1,1,D,2.1,3.25,3.4,1.9,1.9,2,0,1,FT
2024-11-23,Hellas Verona,Inter,0,5,A,2.1,3.25,3.4,1.9,1.9,5,1,0,FT
2024-11-23,AC Milan,Juventus,0,0,D,2.1,3.25,3.4,1.9,1.9,0,0,0,FT
2024-11-23,Parma,Atalanta,1,3,A,2.1,3.25,3.4,1.9,1.9,4,1,1,FT
2024-11-24,Genoa,Cagliari,2,2,D,2.1,3.25,3.4,1.9,1.9,4,1,1,FT
2024-11-24,Torino,Monza,1,1,D,2.1,3.25,3.4,1.9,1.9,2,0,1,FT
2024-11-24,Como,Fiorentina,0,2,A,2.1,3.25,3.4,1.9,1.9,2,0,0,FT
2024-11-24,Napoli,AS Roma,1,0,H,2.1,3.25,3.4,1.9,1.9,1,0,0,FT
2024-11-24,Lazio,Bologna,3,0,H,2.1,3.25,3.4,1.9,1.9,3,1,0,FT
2024-11-25,Empoli,Udinese,1,1,D,2.1,3.25,3.4,1.9,1.9,2,0,1,FT
2024-11-25,Venezia,Lecce,0,1,A,2.1,3.25,3.4,1.9,1.9,1,0,0,FT
2024-11-29,Cagliari,Hellas Verona,1,0,H,2.1,3.25,3.4,1.9,1.9,1,0,0,FT
2024-11-30,Como,Monza,1,1,D,2.1,3.25,3.4,1.9,1.9,2,0,1,FT
2024-11-30,AC Milan,Empoli,3,0,H,2.1,3.25,3.4,1.9,1.9,3,1,0,FT
2024-11-30,Bologna,Venezia,3,0,H,2.1,3.25,3.4,1.9,1.9,3,1,0,FT
2024-12-01,Udinese,Genoa,0,2,A,2.1,3.25,3.4,1.9,1.9,2,0,0,FT
2024-12-01,Torino,Napoli,0,1,A,2.1,3.25,3.4,1.9,1.9,1,0,0,FT
2024-12-01,Parma,Lazio,3,1,H,2.1,3.25,3.4,1.9,1.9,4,1,1,FT
2024-12-01,Lecce,Juventus,1,1,D,2.1,3.25,3.4,1.9,1.9,2,0,1,FT
2024-12-02,AS Roma,Atalanta,0,2,A,2.1,3.25,3.4,1.9,1.9,2,0,0,FT
2024-12-06,Inter,Parma,3,1,H,2.1,3.25,3.4,1.9,1.9,4,1,1,FT
2024-12-06,Atalanta,AC Milan,2,1,H,2.1,3.25,3.4,1.9,1.9,3,1,1,FT
2024-12-07,Genoa,Torino,0,0,D,2.1,3.25,3.4,1.9,1.9,0,0,0,FT
2024-12-07,Juventus,Bologna,2,2,D,2.1,3.25,3.4,1.9,1.9,4,1,1,FT
2024-12-07,AS Roma,Lecce,4,1,H,2.1,3.25,3.4,1.9,1.9,5,1,1,FT
2024-12-08,Fiorentina,Cagliari,1,0,H,2.1,3.25,3.4,1.9,1.9,1,0,0,FT
2024-12-08,Hellas Verona,Empoli,1,4,A,2.1,3.25,3.4,1.9,1.9,5,1,1,FT
2024-12-08,Venezia,Como,2,2,D,2.1,3.25,3.4,1.9,1.9,4,1,1,FT
2024-12-08,Napoli,Lazio,0,1,A,2.1,3.25,3.4,1.9,1.9,1,0,0,FT
2024-12-09,Monza,Udinese,1,2,A,2.1,3.25,3.4,1.9,1.9,3,1,1,FT
2024-12-13,Empoli,Torino,0,1,A,2.1,3.25,3.4,1.9,1.9,1,0,0,FT
2024-12-14,Cagliari,Atalanta,0,1,A,2.1,3.25,3.4,1.9,1.9,1,0,0,FT
2024-12-14,Udinese,Napoli,1,3,A,2.1,3.25,3.4,1.9,1.9,4,1,1,FT
2024-12-14,Juventus,Venezia,2,2,D,2.1,3.25,3.4,1.9,1.9,4,1,1,FT
2024-12-15,Lecce,Monza,2,1,H,2.1,3.25,3.4,1.9,1.9,3,1,1,FT
2024-12-15,Bologna,Fiorentina,1,0,H,2.1,3.25,3.4,1.9,1.9,1,0,0,FT
2024-12-15,Parma,Hellas Verona,2,3,A,2.1,3.25,3.4,1.9,1.9,5,1,1,FT
2024-12-15,Como,AS Roma,2,0,H,2.1,3.25,3.4,1.9,1.9,2,0,0,FT
2024-12-15,AC Milan,Genoa,0,0,D,2.1,3.25,3.4,1.9,1.9,0,0,0,FT
2024-12-16,Lazio,Inter,0,6,A,2.1,3.25,3.4,1.9,1.9,6,1,0,FT
2024-12-20,Hellas Verona,AC Milan,0,1,A,2.1,3.25,3.4,1.9,1.9,1,0,0,FT
2024-12-21,Torino,Bologna,0,2,A,2.1,3.25,3.4,1.9,1.9,2,0,0,FT
2024-12-21,Genoa,Napoli,1,2,A,2.1,3.25,3.4,1.9,1.9,3,1,1,FT
2024-12-21,Lecce,Lazio,1,2,A,2.1,3.25,3.4,1.9,1.9,3,1,1,FT
2024-12-22,AS Roma,Parma,5,0,H,2.1,3.25,3.4,1.9,1.9,5,1,0,FT
2024-12-22,Venezia,Cagliari,2,1,H,2.1,3.25,3.4,1.9,1.9,3,1,1,FT
2024-12-22,Atalanta,Empoli,3,2,H,2.1,3.25,3.4,1.9,1.9,5,1,1,FT
2024-12-22,Monza,Juventus,1,2,A,2.1,3.25,3.4,1.9,1.9,3,1,1,FT
2024-12-23,Fiorentina,Udinese,1,2,A,2.1,3.25,3.4,1.9,1.9,3,1,1,FT
2024-12-23,Inter,Como,2,0,H,2.1,3.25,3.4,1.9,1.9,2,0,0,FT
2024-12-28,Empoli,Genoa,1,2,A,2.1,3.25,3.4,1.9,1.9,3,1,1,FT
2024-12-28,Parma,Monza,2,1,H,2.1,3.25,3.4,1.9,1.9,3,1,1,FT
2024-12-28,Cagliari,Inter,0,3,A,2.1,3.25,3.4,1.9,1.9,3,1,0,FT
2024-12-28,Lazio,Atalanta,1,1,D,2.1,3.25,3.4,1.9,1.9,2,0,1,FT
2024-12-29,Udinese,Torino,2,2,D,2.1,3.25,3.4,1.9,1.9,4,1,1,FT
2024-12-29,Napoli,Venezia,1,0,H,2.1,3.25,3.4,1.9,1.9,1,0,0,FT
2024-12-29,Juventus,Fiorentina,2,2,D,2.1,3.25,3.4,1.9,1.9,4,1,1,FT
2024-12-29,AC Milan,AS Roma,1,1,D,2.1,3.25,3.4,1.9,1.9,2,0,1,FT
2024-12-30,Como,Lecce,2,0,H,2.1,3.25,3.4,1.9,1.9,2,0,0,FT
2024-12-30,Bologna,Hellas Verona,2,3,A,2.1,3.25,3.4,1.9,1.9,5,1,1,FT
2025-01-04,Venezia,Empoli,1,1,D,2.1,3.25,3.4,1.9,1.9,2,0,1,FT
2025-01-04,Fiorentina,Napoli,0,3,A,2.1,3.25,3.4,1.9,1.9,3,1,0,FT
2025-01-04,Hellas Verona,Udinese,0,0,D,2.1,3.25,3.4,1.9,1.9,0,0,0,FT
2025-01-05,Monza,Cagliari,1,2,A,2.1,3.25,3.4,1.9,1.9,3,1,1,FT
2025-01-05,Lecce,Genoa,0,0,D,2.1,3.25,3.4,1.9,1.9,0,0,0,FT
2025-01-05,Torino,Parma,0,0,D,2.1,3.25,3.4,1.9,1.9,0,0,0,FT
2025-01-05,AS Roma,Lazio,2,0,H,2.1,3.25,3.4,1.9,1.9,2,0,0,FT
2025-01-10,Lazio,Como,1,1,D,2.1,3.25,3.4,1.9,1.9,2,0,1,FT
2025-01-11,Udinese,Atalanta,0,0,D,2.1,3.25,3.4,1.9,1.9,0,0,0,FT
2025-01-11,Empoli,Lecce,1,3,A,2.1,3.25,3.4,1.9,1.9,4,1,1,FT
2025-01-11,Torino,Juventus,1,1,D,2.1,3.25,3.4,1.9,1.9,2,0,1,FT
2025-01-11,AC Milan,Cagliari,1,1,D,2.1,3.25,3.4,1.9,1.9,2,0,1,FT
2025-01-12,Genoa,Parma,1,0,H,2.1,3.25,3.4,1.9,1.9,1,0,0,FT
2025-01-12,Venezia,Inter,0,1,A,2.1,3.25,3.4,1.9,1.9,1,0,0,FT
2025-01-12,Bologna,AS Roma,2,2,D,2.1,3.25,3.4,1.9,1.9,4,1,1,FT
2025-01-12,Napoli,Hellas Verona,2,0,H,2.1,3.25,3.4,1.9,1.9,2,0,0,FT
2025-01-13,Monza,Fiorentina,2,1,H,2.1,3.25,3.4,1.9,1.9,3,1,1,FT
2025-01-14,Como,AC Milan,1,2,A,2.1,3.25,3.4,1.9,1.9,3,1,1,FT
2025-01-14,Atalanta,Juventus,1,1,D,2.1,3.25,3.4,1.9,1.9,2,0,1,FT
2025-01-15,Inter,Bologna,2,2,D,2.1,3.25,3.4,1.9,1.9,4,1,1,FT
2025-01-17,AS Roma,Genoa,3,1,H,2.1,3.25,3.4,1.9,1.9,4,1,1,FT
2025-01-18,Bologna,Monza,3,1,H,2.1,3.25,3.4,1.9,1.9,4,1,1,FT
2025-01-18,Juventus,AC Milan,2,0,H,2.1,3.25,3.4,1.9,1.9,2,0,0,FT
2025-01-18,Atalanta,Napoli,2,3,A,2.1,3.25,3.4,1.9,1.9,5,1,1,FT
2025-01-19,Fiorentina,Torino,1,1,D,2.1,3.25,3.4,1.9,1.9,2,0,1,FT
2025-01-19,Cagliari,Lecce,4,1,H,2.1,3.25,3.4,1.9,1.9,5,1,1,FT
2025-01-19,Parma,Venezia,1,1,D,2.1,3.25,3.4,1.9,1.9,2,0,1,FT
2025-01-19,Hellas Verona,Lazio,0,3,A,2.1,3.25,3.4,1.9,1.9,3,1,0,FT
2025-01-19,Inter,Empoli,3,1,H,2.1,3.25,3.4,1.9,1.9,4,1,1,FT
2025-01-20,Como,Udinese,4,1,H,2.1,3.25,3.4,1.9,1.9,5,1,1,FT
2025-01-24,Torino,Cagliari,2,0,H,2.1,3.25,3.4,1.9,1.9,2,0,0,FT
2025-01-25,Como,Atalanta,1,2,A,2.1,3.25,3.4,1.9,1.9,3,1,1,FT
2025-01-25,Napoli,Juventus,2,1,H,2.1,3.25,3.4,1.9,1.9,3,1,1,FT
2025-01-25,Empoli,Bologna,1,1,D,2.1,3.25,3.4,1.9,1.9,2,0,1,FT
2025-01-26,AC Milan,Parma,3,2,H,2.1,3.25,3.4,1.9,1.9,5,1,1,FT
2025-01-26,Udinese,AS Roma,1,2,A,2.1,3.25,3.4,1.9,1.9,3,1,1,FT
2025-01-26,Lecce,Inter,0,4,A,2.1,3.25,3.4,1.9,1.9,4,1,0,FT
2025-01-26,Lazio,Fiorentina,1,2,A,2.1,3.25,3.4,1.9,1.9,3,1,1,FT
2025-01-27,Venezia,Hellas Verona,1,1,D,2.1,3.25,3.4,1.9,1.9,2,0,1,FT
2025-01-27,Genoa,Monza,2,0,H,2.1,3.25,3.4,1.9,1.9,2,0,0,FT
2025-01-31,Parma,Lecce,1,3,A,2.1,3.25,3.4,1.9,1.9,4,1,1,FT
2025-02-01,Udinese,Venezia,3,2,H,2.1,3.25,3.4,1.9,1.9,5,1,1,FT
2025-02-01,Monza,Hellas Verona,0,1,A,2.1,3.25,3.4,1.9,1.9,1,0,0,FT
2025-02-01,Atalanta,Torino,1,1,D,2.1,3.25,3.4,1.9,1.9,2,0,1,FT
2025-02-01,Bologna,Como,2,0,H,2.1,3.25,3.4,1.9,1.9,2,0,0,FT
2025-02-02,Juventus,Empoli,4,1,H,2.1,3.25,3.4,1.9,1.9,5,1,1,FT
2025-02-02,Fiorentina,Genoa,2,1,H,2.1,3.25,3.4,1.9,1.9,3,1,1,FT
2025-02-02,AC Milan,Inter,1,1,D,2.1,3.25,3.4,1.9,1.9,2,0,1,FT
2025-02-02,AS Roma,Napoli,1,1,D,2.1,3.25,3.4,1.9,1.9,2,0,1,FT
2025-02-03,Cagliari,Lazio,1,2,A,2.1,3.25,3.4,1.9,1.9,3,1,1,FT
2025-02-06,Fiorentina,Inter,3,0,H,2.1,3.25,3.4,1.9,1.9,3,1,0,FT
2025-02-07,Como,Juventus,1,2,A,2.1,3.25,3.4,1.9,1.9,3,1,1,FT
2025-02-08,Hellas Verona,Atalanta,0,5,A,2.1,3.25,3.4,1.9,1.9,5,1,0,FT
2025-02-08,Empoli,AC Milan,0,2,A,2.1,3.25,3.4,1.9,1.9,2,0,0,FT
2025-02-08,Torino,Genoa,1,1,D,2.1,3.25,3.4,1.9,1.9,2,0,1,FT
2025-02-09,Venezia,AS Roma,0,1,A,2.1,3.25,3.4,1.9,1.9,1,0,0,FT
2025-02-09,Lazio,Monza,5,1,H,2.1,3.25,3.4,1.9,1.9,6,1,1,FT
2025-02-09,Cagliari,Parma,2,1,H,2.1,3.25,3.4,1.9,1.9,3,1,1,FT
2025-02-09,Lecce,Bologna,0,0,D,2.1,3.25,3.4,1.9,1.9,0,0,0,FT
2025-02-09,Napoli,Udinese,1,1,D,2.1,3.25,3.4,1.9,1.9,2,0,1,FT
2025-02-10,Inter,Fiorentina,2,1,H,2.1,3.25,3.4,1.9,1.9,3,1,1,FT
2025-02-14,Bologna,Torino,3,2,H,2.1,3.25,3.4,1.9,1.9,5,1,1,FT
2025-02-15,Atalanta,Cagliari,0,0,D,2.1,3.25,3.4,1.9,1.9,0,0,0,FT
2025-02-15,Lazio,Napoli,2,2,D,2.1,3.25,3.4,1.9,1.9,4,1,1,FT
2025-02-15,AC Milan,Hellas Verona,1,0,H,2.1,3.25,3.4,1.9,1.9,1,0,0,FT
2025-02-16,Fiorentina,Como,0,2,A,2.1,3.25,3.4,1.9,1.9,2,0,0,FT
2025-02-16,Udinese,Empoli,3,0,H,2.1,3.25,3.4,1.9,1.9,3,1,0,FT
2025-02-16,Monza,Lecce,0,0,D,2.1,3.25,3.4,1.9,1.9,0,0,0,FT
2025-02-16,Parma,AS Roma,0,1,A,2.1,3.25,3.4,1.9,1.9,1,0,0,FT
2025-02-16,Juventus,Inter,1,0,H,2.1,3.25,3.4,1.9,1.9,1,0,0,FT
2025-02-17,Genoa,Venezia,2,0,H,2.1,3.25,3.4,1.9,1.9,2,0,0,FT
2025-02-21,Lecce,Udinese,0,1,A,2.1,3.25,3.4,1.9,1.9,1,0,0,FT
2025-02-22,Venezia,Lazio,0,0,D,2.1,3.25,3.4,1.9,1.9,0,0,0,FT
2025-02-22,Parma,Bologna,2,0,H,2.1,3.25,3.4,1.9,1.9,2,0,0,FT
2025-02-22,Torino,AC Milan,2,1,H,2.1,3.25,3.4,1.9,1.9,3,1,1,FT
2025-02-22,Inter,Genoa,1,0,H,2.1,3.25,3.4,1.9,1.9,1,0,0,FT
2025-02-23,Como,Napoli,2,1,H,2.1,3.25,3.4,1.9,1.9,3,1,1,FT
2025-02-23,Hellas Verona,Fiorentina,1,0,H,2.1,3.25,3.4,1.9,1.9,1,0,0,FT
2025-02-23,Empoli,Atalanta,0,5,A,2.1,3.25,3.4,1.9,1.9,5,1,0,FT
2025-02-23,Cagliari,Juventus,0,1,A,2.1,3.25,3.4,1.9,1.9,1,0,0,FT
2025-02-24,AS Roma,Monza,4,0,H,2.1,3.25,3.4,1.9,1.9,4,1,0,FT
2025-02-27,Bologna,AC Milan,2,1,H,2.1,3.25,3.4,1.9,1.9,3,1,1,FT
2025-02-28,Fiorentina,Lecce,1,0,H,2.1,3.25,3.4,1.9,1.9,1,0,0,FT
2025-03-01,Atalanta,Venezia,0,0,D,2.1,3.25,3.4,1.9,1.9,0,0,0,FT
2025-03-01,Napoli,Inter,1,1,D,2.1,3.25,3.4,1.9,1.9,2,0,1,FT
2025-03-01,Udinese,Parma,1,0,H,2.1,3.25,3.4,1.9,1.9,1,0,0,FT
2025-03-02,Monza,Torino,0,2,A,2.1,3.25,3.4,1.9,1.9,2,0,0,FT
2025-03-02,Genoa,Empoli,1,1,D,2.1,3.25,3.4,1.9,1.9,2,0,1,FT
2025-03-02,Bologna,Cagliari,2,1,H,2.1,3.25,3.4,1.9,1.9,3,1,1,FT
2025-03-02,AS Roma,Como,2,1,H,2.1,3.25,3.4,1.9,1.9,3,1,1,FT
2025-03-02,AC Milan,Lazio,1,2,A,2.1,3.25,3.4,1.9,1.9,3,1,1,FT
2025-03-03,Juventus,Hellas Verona,2,0,H,2.1,3.25,3.4,1.9,1.9,2,0,0,FT
2025-03-07,Cagliari,Genoa,1,1,D,2.1,3.25,3.4,1.9,1.9,2,0,1,FT
2025-03-08,Parma,Torino,2,2,D,2.1,3.25,3.4,1.9,1.9,4,1,1,FT
2025-03-08,Como,Venezia,1,1,D,2.1,3.25,3.4,1.9,1.9,2,0,1,FT
2025-03-08,Lecce,AC Milan,2,3,A,2.1,3.25,3.4,1.9,1.9,5,1,1,FT
2025-03-08,Inter,Monza,3,2,H,2.1,3.25,3.4,1.9,1.9,5,1,1,FT
2025-03-09,Hellas Verona,Bologna,1,2,A,2.1,3.25,3.4,1.9,1.9,3,1,1,FT
2025-03-09,Napoli,Fiorentina,2,1,H,2.1,3.25,3.4,1.9,1.9,3,1,1,FT
2025-03-09,Empoli,AS Roma,0,1,A,2.1,3.25,3.4,1.9,1.9,1,0,0,FT
2025-03-09,Juventus,Atalanta,0,4,A,2.1,3.25,3.4,1.9,1.9,4,1,0,FT
2025-03-10,Lazio,Udinese,1,1,D,2.1,3.25,3.4,1.9,1.9,2,0,1,FT
2025-03-14,Genoa,Lecce,2,1,H,2.1,3.25,3.4,1.9,1.9,3,1,1,FT
2025-03-15,Udinese,Hellas Verona,0,1,A,2.1,3.25,3.4,1.9,1.9,1,0,0,FT
2025-03-15,Monza,Parma,1,1,D,2.1,3.25,3.4,1.9,1.9,2,0,1,FT
2025-03-15,AC Milan,Como,2,1,H,2.1,3.25,3.4,1.9,1.9,3,1,1,FT
2025-03-15,Torino,Empoli,1,0,H,2.1,3.25,3.4,1.9,1.9,1,0,0,FT
2025-03-16,Venezia,Napoli,0,0,D,2.1,3.25,3.4,1.9,1.9,0,0,0,FT
2025-03-16,Bologna,Lazio,5,0,H,2.1,3.25,3.4,1.9,1.9,5,1,0,FT
2025-03-16,AS Roma,Cagliari,1,0,H,2.1,3.25,3.4,1.9,1.9,1,0,0,FT
2025-03-16,Fiorentina,Juventus,3,0,H,2.1,3.25,3.4,1.9,1.9,3,1,0,FT
2025-03-16,Atalanta,Inter,0,2,A,2.1,3.25,3.4,1.9,1.9,2,0,0,FT
2025-03-29,Venezia,Bologna,0,1,A,2.1,3.25,3.4,1.9,1.9,1,0,0,FT
2025-03-29,Como,Empoli,1,1,D,2.1,3.25,3.4,1.9,1.9,2,0,1,FT
2025-03-29,Juventus,Genoa,1,0,H,2.1,3.25,3.4,1.9,1.9,1,0,0,FT
2025-03-29,Lecce,AS Roma,0,1,A,2.1,3.25,3.4,1.9,1.9,1,0,0,FT
2025-03-30,Cagliari,Monza,3,0,H,2.1,3.25,3.4,1.9,1.9,3,1,0,FT
2025-03-30,Fiorentina,Atalanta,1,0,H,2.1,3.25,3.4,1.9,1.9,1,0,0,FT
2025-03-30,Inter,Udinese,2,1,H,2.1,3.25,3.4,1.9,1.9,3,1,1,FT
2025-03-30,Napoli,AC Milan,2,1,H,2.1,3.25,3.4,1.9,1.9,3,1,1,FT
2025-03-31,Hellas Verona,Parma,0,0,D,2.1,3.25,3.4,1.9,1.9,0,0,0,FT
2025-03-31,Lazio,Torino,1,1,D,2.1,3.25,3.4,1.9,1.9,2,0,1,FT
2025-04-04,Genoa,Udinese,1,0,H,2.1,3.25,3.4,1.9,1.9,1,0,0,FT
2025-04-05,Monza,Como,1,3,A,2.1,3.25,3.4,1.9,1.9,4,1,1,FT
2025-04-05,Parma,Inter,2,2,D,2.1,3.25,3.4,1.9,1.9,4,1,1,FT
2025-04-05,AC Milan,Fiorentina,2,2,D,2.1,3.25,3.4,1.9,1.9,4,1,1,FT
2025-04-06,Lecce,Venezia,1,1,D,2.1,3.25,3.4,1.9,1.9,2,0,1,FT
2025-04-06,Torino,Hellas Verona,1,1,D,2.1,3.25,3.4,1.9,1.9,2,0,1,FT
2025-04-06,Empoli,Cagliari,0,0,D,2.1,3.25,3.4,1.9,1.9,0,0,0,FT
2025-04-06,Atalanta,Lazio,0,1,A,2.1,3.25,3.4,1.9,1.9,1,0,0,FT
2025-04-06,AS Roma,Juventus,1,1,D,2.1,3.25,3.4,1.9,1.9,2,0,1,FT
2025-04-07,Bologna,Napoli,1,1,D,2.1,3.25,3.4,1.9,1.9,2,0,1,FT
2025-04-11,Udinese,AC Milan,0,4,A,2.1,3.25,3.4,1.9,1.9,4,1,0,FT
2025-04-12,Venezia,Monza,1,0,H,2.1,3.25,3.4,1.9,1.9,1,0,0,FT
2025-04-12,Inter,Cagliari,3,1,H,2.1,3.25,3.4,1.9,1.9,4,1,1,FT
2025-04-12,Juventus,Lecce,2,1,H,2.1,3.25,3.4,1.9,1.9,3,1,1,FT
2025-04-13,Atalanta,Bologna,2,0,H,2.1,3.25,3.4,1.9,1.9,2,0,0,FT
2025-04-13,Fiorentina,Parma,0,0,D,2.1,3.25,3.4,1.9,1.9,0,0,0,FT
2025-04-13,Hellas Verona,Genoa,0,0,D,2.1,3.25,3.4,1.9,1.9,0,0,0,FT
2025-04-13,Como,Torino,1,0,H,2.1,3.25,3.4,1.9,1.9,1,0,0,FT
2025-04-13,Lazio,AS Roma,1,1,D,2.1,3.25,3.4,1.9,1.9,2,0,1,FT
2025-04-14,Napoli,Empoli,3,0,H,2.1,3.25,3.4,1.9,1.9,3,1,0,FT
2025-04-19,Lecce,Como,0,3,A,2.1,3.25,3.4,1.9,1.9,3,1,0,FT
2025-04-19,Monza,Napoli,0,1,A,2.1,3.25,3.4,1.9,1.9,1,0,0,FT
2025-04-19,AS Roma,Hellas Verona,1,0,H,2.1,3.25,3.4,1.9,1.9,1,0,0,FT
2025-04-20,Empoli,Venezia,2,2,D,2.1,3.25,3.4,1.9,1.9,4,1,1,FT
2025-04-20,Bologna,Inter,1,0,H,2.1,3.25,3.4,1.9,1.9,1,0,0,FT
2025-04-20,AC Milan,Atalanta,0,1,A,2.1,3.25,3.4,1.9,1.9,1,0,0,FT
2025-04-23,Cagliari,Fiorentina,1,2,A,2.1,3.25,3.4,1.9,1.9,3,1,1,FT
2025-04-23,Genoa,Lazio,0,2,A,2.1,3.25,3.4,1.9,1.9,2,0,0,FT
2025-04-23,Torino,Udinese,2,0,H,2.1,3.25,3.4,1.9,1.9,2,0,0,FT
2025-04-23,Parma,Juventus,1,0,H,2.1,3.25,3.4,1.9,1.9,1,0,0,FT
2025-04-27,Venezia,AC Milan,0,2,A,2.1,3.25,3.4,1.9,1.9,2,0,0,FT
2025-04-27,Como,Genoa,1,0,H,2.1,3.25,3.4,1.9,1.9,1,0,0,FT
2025-04-27,Fiorentina,Empoli,2,1,H,2.1,3.25,3.4,1.9,1.9,3,1,1,FT
2025-04-27,Inter,AS Roma,0,1,A,2.1,3.25,3.4,1.9,1.9,1,0,0,FT
2025-04-27,Juventus,Monza,2,0,H,2.1,3.25,3.4,1.9,1.9,2,0,0,FT
2025-04-27,Napoli,Torino,2,0,H,2.1,3.25,3.4,1.9,1.9,2,0,0,FT
2025-04-27,Atalanta,Lecce,1,1,D,2.1,3.25,3.4,1.9,1.9,2,0,1,FT
2025-04-28,Udinese,Bologna,0,0,D,2.1,3.25,3.4,1.9,1.9,0,0,0,FT
2025-04-28,Lazio,Parma,2,2,D,2.1,3.25,3.4,1.9,1.9,4,1,1,FT
2025-04-28,Hellas Verona,Cagliari,0,2,A,2.1,3.25,3.4,1.9,1.9,2,0,0,FT
2025-05-02,Torino,Venezia,1,1,D,2.1,3.25,3.4,1.9,1.9,2,0,1,FT
2025-05-03,Cagliari,Udinese,1,2,A,2.1,3.25,3.4,1.9,1.9,3,1,1,FT
2025-05-03,Parma,Como,0,1,A,2.1,3.25,3.4,1.9,1.9,1,0,0,FT
2025-05-03,Lecce,Napoli,0,1,A,2.1,3.25,3.4,1.9,1.9,1,0,0,FT
2025-05-03,Inter,Hellas Verona,1,0,H,2.1,3.25,3.4,1.9,1.9,1,0,0,FT
2025-05-04,Empoli,Lazio,0,1,A,2.1,3.25,3.4,1.9,1.9,1,0,0,FT
2025-05-04,Monza,Atalanta,0,4,A,2.1,3.25,3.4,1.9,1.9,4,1,0,FT
2025-05-04,AS Roma,Fiorentina,1,0,H,2.1,3.25,3.4,1.9,1.9,1,0,0,FT
2025-05-04,Bologna,Juventus,1,1,D,2.1,3.25,3.4,1.9,1.9,2,0,1,FT
2025-05-05,Genoa,AC Milan,1,2,A,2.1,3.25,3.4,1.9,1.9,3,1,1,FT
2025-05-09,AC Milan,Bologna,3,1,H,2.1,3.25,3.4,1.9,1.9,4,1,1,FT
2025-05-10,Como,Cagliari,3,1,H,2.1,3.25,3.4,1.9,1.9,4,1,1,FT
2025-05-10,Lazio,Juventus,1,1,D,2.1,3.25,3.4,1.9,1.9,2,0,1,FT
2025-05-10,Empoli,Parma,2,1,H,2.1,3.25,3.4,1.9,1.9,3,1,1,FT
2025-05-11,Udinese,Monza,1,2,A,2.1,3.25,3.4,1.9,1.9,3,1,1,FT
2025-05-11,Hellas Verona,Lecce,1,1,D,2.1,3.25,3.4,1.9,1.9,2,0,1,FT
2025-05-11,Torino,Inter,0,2,A,2.1,3.25,3.4,1.9,1.9,2,0,0,FT
2025-05-11,Napoli,Genoa,2,2,D,2.1,3.25,3.4,1.9,1.9,4,1,1,FT
2025-05-12,Venezia,Fiorentina,2,1,H,2.1,3.25,3.4,1.9,1.9,3,1,1,FT
2025-05-12,Atalanta,AS Roma,2,1,H,2.1,3.25,3.4,1.9,1.9,3,1,1,FT
2025-05-17,Genoa,Atalanta,2,3,A,2.1,3.25,3.4,1.9,1.9,5,1,1,FT
2025-05-18,Cagliari,Venezia,3,0,H,2.1,3.25,3.4,1.9,1.9,3,1,0,FT
2025-05-18,Juventus,Udinese,2,0,H,2.1,3.25,3.4,1.9,1.9,2,0,0,FT
2025-05-18,AS Roma,AC Milan,3,1,H,2.1,3.25,3.4,1.9,1.9,4,1,1,FT
2025-05-18,Fiorentina,Bologna,3,2,H,2.1,3.25,3.4,1.9,1.9,5,1,1,FT
2025-05-18,Hellas Verona,Como,1,1,D,2.1,3.25,3.4,1.9,1.9,2,0,1,FT
2025-05-18,Inter,Lazio,2,2,D,2.1,3.25,3.4,1.9,1.9,4,1,1,FT
2025-05-18,Parma,Napoli,0,0,D,2.1,3.25,3.4,1.9,1.9,0,0,0,FT
2025-05-18,Lecce,Torino,1,0,H,2.1,3.25,3.4,1.9,1.9,1,0,0,FT
2025-05-18,Monza,Empoli,1,3,A,2.1,3.25,3.4,1.9,1.9,4,1,1,FT
2025-05-23,Napoli,Cagliari,2,0,H,2.1,3.25,3.4,1.9,1.9,2,0,0,FT
2025-05-23,Como,Inter,0,2,A,2.1,3.25,3.4,1.9,1.9,2,0,0,FT
2025-05-24,Bologna,Genoa,1,3,A,2.1,3.25,3.4,1.9,1.9,4,1,1,FT
2025-05-24,AC Milan,Monza,2,0,H,2.1,3.25,3.4,1.9,1.9,2,0,0,FT
2025-05-25,Lazio,Lecce,0,1,A,2.1,3.25,3.4,1.9,1.9,1,0,0,FT
2025-05-25,Udinese,Fiorentina,2,3,A,2.1,3.25,3.4,1.9,1.9,5,1,1,FT
2025-05-25,Atalanta,Parma,2,3,A,2.1,3.25,3.4,1.9,1.9,5,1,1,FT
2025-05-25,Torino,AS Roma,0,2,A,2.1,3.25,3.4,1.9,1.9,2,0,0,FT
2025-05-25,Empoli,Hellas Verona,1,2,A,2.1,3.25,3.4,1.9,1.9,3,1,1,FT
2025-05-25,Venezia,Juventus,2,3,A,2.1,3.25,3.4,1.9,1.9,5,1,1,FT
